[{"pk": 1, "model": "styles.category", "fields": {"name": "anthropology"}}, {"pk": 2, "model": "styles.category", "fields": {"name": "astronomy"}}, {"pk": 3, "model": "styles.category", "fields": {"name": "biology"}}, {"pk": 4, "model": "styles.category", "fields": {"name": "botany"}}, {"pk": 5, "model": "styles.category", "fields": {"name": "chemistry"}}, {"pk": 6, "model": "styles.category", "fields": {"name": "communications"}}, {"pk": 7, "model": "styles.category", "fields": {"name": "engineering"}}, {"pk": 8, "model": "styles.category", "fields": {"name": "geography"}}, {"pk": 9, "model": "styles.category", "fields": {"name": "geology"}}, {"pk": 10, "model": "styles.category", "fields": {"name": "history"}}, {"pk": 11, "model": "styles.category", "fields": {"name": "humanities"}}, {"pk": 12, "model": "styles.category", "fields": {"name": "literature"}}, {"pk": 13, "model": "styles.category", "fields": {"name": "math"}}, {"pk": 14, "model": "styles.category", "fields": {"name": "medicine"}}, {"pk": 15, "model": "styles.category", "fields": {"name": "philosophy"}}, {"pk": 16, "model": "styles.category", "fields": {"name": "physics"}}, {"pk": 20, "model": "styles.category", "fields": {"name": "political-science"}}, {"pk": 17, "model": "styles.category", "fields": {"name": "psychology"}}, {"pk": 19, "model": "styles.category", "fields": {"name": "science"}}, {"pk": 22, "model": "styles.category", "fields": {"name": "social-science"}}, {"pk": 18, "model": "styles.category", "fields": {"name": "sociology"}}, {"pk": 21, "model": "styles.category", "fields": {"name": "theology"}}, {"pk": 23, "model": "styles.category", "fields": {"name": "zoology"}}, {"pk": 14, "model": "styles.optiontype", "fields": {"name": "collapse"}}, {"pk": 11, "model": "styles.optiontype", "fields": {"name": "disambiguate-add-givenname"}}, {"pk": 12, "model": "styles.optiontype", "fields": {"name": "disambiguate-add-names"}}, {"pk": 13, "model": "styles.optiontype", "fields": {"name": "disambiguate-add-year-suffix"}}, {"pk": 10, "model": "styles.optiontype", "fields": {"name": "entry-spacing"}}, {"pk": 1, "model": "styles.optiontype", "fields": {"name": "et-al-min"}}, {"pk": 3, "model": "styles.optiontype", "fields": {"name": "et-al-subsequent-min"}}, {"pk": 4, "model": "styles.optiontype", "fields": {"name": "et-al-subsequent-use-first"}}, {"pk": 2, "model": "styles.optiontype", "fields": {"name": "et-al-use-first"}}, {"pk": 7, "model": "styles.optiontype", "fields": {"name": "hanging-indent"}}, {"pk": 9, "model": "styles.optiontype", "fields": {"name": "line-formatting"}}, {"pk": 8, "model": "styles.optiontype", "fields": {"name": "line-spacing"}}, {"pk": 6, "model": "styles.optiontype", "fields": {"name": "second-field-align"}}, {"pk": 5, "model": "styles.optiontype", "fields": {"name": "subsequent-author-substitute"}}, {"pk": 1, "model": "styles.option", "fields": {"type": 14, "value": "true"}}, {"pk": 2, "model": "styles.option", "fields": {"type": 11, "value": "true"}}, {"pk": 3, "model": "styles.option", "fields": {"type": 12, "value": "true"}}, {"pk": 4, "model": "styles.option", "fields": {"type": 13, "value": "true"}}, {"pk": 5, "model": "styles.option", "fields": {"type": 7, "value": "true"}}, {"pk": 6, "model": "styles.option", "fields": {"type": 1, "value": "3"}}, {"pk": 7, "model": "styles.option", "fields": {"type": 1, "value": "4"}}, {"pk": 8, "model": "styles.option", "fields": {"type": 1, "value": "5"}}, {"pk": 9, "model": "styles.option", "fields": {"type": 1, "value": "6"}}, {"pk": 10, "model": "styles.option", "fields": {"type": 3, "value": "3"}}, {"pk": 11, "model": "styles.option", "fields": {"type": 3, "value": "4"}}, {"pk": 12, "model": "styles.option", "fields": {"type": 2, "value": "5"}}, {"pk": 13, "model": "styles.option", "fields": {"type": 2, "value": "6"}}, {"pk": 14, "model": "styles.option", "fields": {"type": 2, "value": "3"}}, {"pk": 15, "model": "styles.option", "fields": {"type": 2, "value": "4"}}, {"pk": 16, "model": "styles.option", "fields": {"type": 3, "value": "5"}}, {"pk": 17, "model": "styles.option", "fields": {"type": 3, "value": "6"}}, {"pk": 18, "model": "styles.option", "fields": {"type": 4, "value": "3"}}, {"pk": 19, "model": "styles.option", "fields": {"type": 4, "value": "4"}}, {"pk": 20, "model": "styles.option", "fields": {"type": 4, "value": "5"}}, {"pk": 21, "model": "styles.option", "fields": {"type": 4, "value": "6"}}, {"pk": 10, "model": "styles.macrotype", "fields": {"name": "access"}}, {"pk": 3, "model": "styles.macrotype", "fields": {"name": "collection-contributors"}}, {"pk": 6, "model": "styles.macrotype", "fields": {"name": "collection-title"}}, {"pk": 2, "model": "styles.macrotype", "fields": {"name": "container-contributors"}}, {"pk": 7, "model": "styles.macrotype", "fields": {"name": "container-prefix"}}, {"pk": 5, "model": "styles.macrotype", "fields": {"name": "container-title"}}, {"pk": 1, "model": "styles.macrotype", "fields": {"name": "contributors"}}, {"pk": 11, "model": "styles.macrotype", "fields": {"name": "description"}}, {"pk": 8, "model": "styles.macrotype", "fields": {"name": "event"}}, {"pk": 12, "model": "styles.macrotype", "fields": {"name": "locators"}}, {"pk": 13, "model": "styles.macrotype", "fields": {"name": "point-locators"}}, {"pk": 9, "model": "styles.macrotype", "fields": {"name": "publisher"}}, {"pk": 4, "model": "styles.macrotype", "fields": {"name": "title"}}]
